src,meta_id,rel_path,sha256,ripemd160_sha256,frozen_name
AUDIT_frozen_sources,REGULATORY-RUN-20251026-S02,session_log_AuditLogAI.REG.GlobalSubmission.v4038_20251018T214519.997259Z.json,5af54564b05e7ae9c8e6b4c918ca19586ca3c7e58af6b72806fa08603b27e844,fb5e9fa9e3873fe2236eaf1c60c4fc7dd0968c5a,session_log_AuditLogAI.REG.GlobalSubmission.v4038_20251018T214519.997259Z___20251026T094829Z.json
AUDIT_frozen_sources,REGULATORY-RUN-20251026-S02,session_log_AuditLogAI.REG.GlobalSubmission.v4034_20251018T001855.666955Z.json,ef6556d6a4b9d035a5f100560ab3ce17f10024551e3c0955f42b1f871496eae4,6fc7fef1cb6734cd5a3bb1147c25b756e9a41669,session_log_AuditLogAI.REG.GlobalSubmission.v4034_20251018T001855.666955Z___20251026T094829Z.json
AUDIT_frozen_sources,REGULATORY-RUN-20251026-S02,session_log_AuditLogAI.REG.GlobalSubmission.v4020_20251014T200606.551974Z.json,5c009fb3e680ca41e0e17aefe3bc931ec00b195e8faa0eb3f546d059930b0724,041cf98418a6ae39dbcc5d3e49e60a06a5112993,session_log_AuditLogAI.REG.GlobalSubmission.v4020_20251014T200606.551974Z___20251026T094829Z.json
AUDIT_frozen_sources,REGULATORY-RUN-20251026-S02,session_log_AuditLogAI.REG.GlobalSubmission.v4009_20251013T034508.120256Z.json,862010c85fda0bfb02be23bb4316eea13966d374e60baa271f6292ef9416604b,7e37072aeb1f857fb3245d9cdadc80356ff8563f,session_log_AuditLogAI.REG.GlobalSubmission.v4009_20251013T034508.120256Z___20251026T094829Z.json
AUDIT_frozen_sources,REGULATORY-RUN-20251026-S02,session_log_AuditLogAI.REG.GlobalSubmission.v4030_20251017T203831.645892Z.json,940277234a4293031780c7e627355221924b373f285212fd5baa1cff14568398,ab212c3fb3a90d46bd09601574fdb69f92956075,session_log_AuditLogAI.REG.GlobalSubmission.v4030_20251017T203831.645892Z___20251026T094829Z.json
AUDIT_frozen_sources,REGULATORY-RUN-20251026-S02,session_log_AuditLogAI.REG.GlobalSubmission.v4005_20251012T204520.780899Z.json,7c61fb5ed56a98ae79a8dcf55d582b4d9200596daa4080d37c08cfe86a8e4bcb,5c5635ccbed45827cd437b67c60020742cc19c1b,session_log_AuditLogAI.REG.GlobalSubmission.v4005_20251012T204520.780899Z___20251026T094829Z.json
AUDIT_frozen_sources,REGULATORY-RUN-20251026-S02,session_log_AuditLogAI.REG.GlobalSubmission.v4051_20251026T085338.849295Z.json,05a3e17dfc281b22d82edd943f2c00d8c928e585c17f8490b2894f52469ba629,e27980be020be1a3aa2533e0b15496d829fb7565,session_log_AuditLogAI.REG.GlobalSubmission.v4051_20251026T085338.849295Z___20251026T094829Z.json
AUDIT_frozen_sources,REGULATORY-RUN-20251026-S02,session_log_AuditLogAI.REG.GlobalSubmission.v4016_20251014T194515.612758Z.json,2b44af1d4888f598c89dec992b6ce31d6fc0daab7a2480a3efb07d44bf3eb055,f63523aba83a6b47c8fbb5dd942d20ef6aa7ee3e,session_log_AuditLogAI.REG.GlobalSubmission.v4016_20251014T194515.612758Z___20251026T094829Z.json
AUDIT_frozen_sources,REGULATORY-RUN-20251026-S02,session_log_AuditLogAI.REG.GlobalSubmission.v4042_20251020T194225.497227Z.json,5c6899adad23ba9e5cbe2c1e57b2a11df3ac4d29f0fa2b27a9dc52b3993d859a,62906b9bc17efa60726d54455bbb00252384e01e,session_log_AuditLogAI.REG.GlobalSubmission.v4042_20251020T194225.497227Z___20251026T094829Z.json
AUDIT_frozen_sources,REGULATORY-RUN-20251026-S02,session_log_AuditLogAI.REG.GlobalSubmission.v4026_20251017T202205.834235Z.json,bc48e033cb27fc960620a2828821561b6817df140a5669700426384a23bba85e,1f8661d7186f7721de804ebff1a18ab60c8113f0,session_log_AuditLogAI.REG.GlobalSubmission.v4026_20251017T202205.834235Z___20251026T094829Z.json
AUDIT_frozen_sources,REGULATORY-RUN-20251026-S02,session_log_AuditLogAI.REG.GlobalSubmission.v4001_20251012T200455.617478Z.json,298787323e3b46f9975bb1856bbb9b6f2a8d5eb677c4d9a9c949382744c66dc7,9da9157e665088e67a2dfbda5cb7140c3895eec8,session_log_AuditLogAI.REG.GlobalSubmission.v4001_20251012T200455.617478Z___20251026T094829Z.json
